Map,BFS time,DFS time,UCS time,AStar time,BFS memory,DFS memory,UCS memory,AStar memory,BFS steps,DFS steps,UCS steps,AStar steps,BFS nodes,DFS nodes,UCS nodes,AStar nodes
1,81.200838,0.043227195739746094,33,314,80.005169,0.03770923614501953,68,275,87.613106,0.067779541015625,33,336,91.508389,0.03889274597167969,33,311,
2,331.833363,0.1216878890991211,16,750,1643.594742,0.4826812744140625,32,4480,207.716942,0.09376049041748047,16,647,138.102531,0.08465766906738281,16,423,
3,269.335032,0.1337718963623047,41,1038,162.375927,0.09558677673339844,67,669,274.881840,0.13818740844726562,41,1094,273.575306,0.12789058685302734,41,988,
4,823.009729,0.4567708969116211,89,2669,314.929724,0.16998958587646484,135,1070,862.488747,0.45694732666015625,89,2674,920.300722,0.45689868927001953,89,2670,
